"received_resource: Descending",Count
"tutkuav.com",11
"appliancestalk.com",6
"richardcorneliusonline.com",6
"amberrussia.cn",5
"amex.paypaserviceverification.com",5
"amimakingmoneyonline.com",5
"auminhtriet.com",5
"buseguzellikmerkezi.com",5
"maissa.bio",5
"zolfanow.co.kr",5
"ahiyangrup.com.tr",4
"compasspointe.info",4
"ctm-catalogo.it",4
"fertially.com",4
"insitupro.cl",4
"salondivin.ro",4
"www.auth-syt.cf",4
"autovudou.net",3
"azimut-volga.com",3
"bkarakas.ztml.k12.tr",3
"com-unique-paris.fr",3
"dispositivo-pendente.ml",3
"freekids.world",3
"gestmsmions.firebaseapp.com",3
"getdripfit.com",3
"gsci.com.ar",3
"heroupforchange.com",3
"jppost-he.com",3
"jppost-ta.com",3
"jppost-yo.com",3
"karkw.org",3
"kleine-gruesse.de",3
"lrprealestate.vi-bus.com",3
"maverick-advisory.fr",3
"nisnabs.com",3
"pacificbizsolutions.co.uk",3
"volgger.net",3
"wtede.com",3
"wvw.yahoo-mai.com-secured-web.validator.accounts.medipluscur.com",3
"www.auth-acl.ml",3
"www.graduate1stclass.com",3
"www.kleine-gruesse.de",3
"amatis.in",2
"amzan.azurewebsites.net",2
"annaebersbachere.de",2
"apple.com-idwp.cn",2
"arobase-rdc.com",2
"autopaien.com",2
"bezwaarwaterschapsbelasting.nl",2
"bnai-v10.cf",2
"coworkingaruja.com.br",2
"crearquitectos.es",2
"ctl24.pt",2
"cwc.vi-bus.com",2
"doretoengenharia.com.br",2
"doufside.com",2
"ecconom.ru",2
"es-5.com",2
"fourtechindustries.com",2
"foxracing-shared.com",2
"ftp.thebelief.in",2
"funerariaamadeus.com",2
"gmailsecurityteam.com",2
"grumpymonkeydesigns.com",2
"hassanmedia.com",2
"healthsbouquet.com",2
"hhkwccf.org.hk",2
"honmastore.com",2
"hotelalhambra.co",2
"hotelbooking.deals",2
"iadigital.com.br",2
"imminence.net",2
"indieliferadio.com",2
"jadderw.tk",2
"jells.ddns.net",2
"jobgetter.org",2
"jppost-amu.com",2
"jppost-asi.com",2
"jppost-hi.com",2
"jppost-me.com",2
"jppost-mu.com",2
"jppost-na.com",2
"jppost-ne.com",2
"jppost-ni.com",2
"jppost-pe.com",2
"jppost-se.com",2
"jppost-te.com",2
"jppost-ze.com",2
"lfbn-1-3671-182.w86-229.abo.wanadoo.fr",2
"mabanqueislamique.com",2
"mail.personalportfolio.com.au",2
"mail.uberbet188.com",2
"mailsa-qad.com",2
"mailsa-qaf.com",2
"mailsa-qah.com",2
"mailsa-qao.com",2
"mailsa-qas.com",2
"megaboxhdapkpro.com",2
"mpacessoriacliente.com.br",2
"muhtomas.co.id",2
"nadee.bizbox.pro",2
"nakedgirls.bz",2
"nittsu-ko.com",2
"oluomorichie.com",2
"online24barta.com",2
"paypal.config.l9leads.com",2
"paypal.secureaccount.icu",2
"pilyclix.cl",2
"qc2hyddr0-return.com",2
"r78-pw-fortaleza.ibys.com.br",2
"rotary3262.org",2
"sagawa-aqo.com",2
"sagawa-aqr.com",2
"sagawa-aqu.com",2
"sagawa-eko.com",2
"sagawa-igi.com",2
"sagawa-oba.com",2
"sagawa-opo.com",2
"sagawa-qie.com",2
"sagawa-qig.com",2
"sagawa-qil.com",2
"sagawa-qit.com",2
"sagawa-qwa.com",2
"sagawa-qwf.com",2
"sagawa-qwj.com",2
"sagawa-umo.com",2
"sagawa-wri.com",2
"seecareer.com",2
"shaktitrader.com",2
"skyvolk.icu",2
"smart-tech.pt",2
"tampacigarroller.com",2
"templabor.org",2
"thebitcoinengine.crownmanagers.com",2
"transformatinginside.info",2
"vfinitylife.com",2
"workers-fund.org",2
"wotan.info",2
"www.associatedfriends.com",2
"www.crossbarmig.com",2
"www.goof.com",2
"www.jojokie.co.id",2
"www.nutzer-status-ueberpruefung-1810923ss-analyse.icu",2
"www.ori-motivator.ru",2
"www.ramacocarbon-info.com",2
"185-35-138-66.v4.as62454.net",1
"247csc.com",1
"53cbbf35.ngrok.io",1
"6hu.xyz",1
"999-kenyon-wrath-abroad.com",1
"a.solticio.com.br",1
"abhinavdhar.com",1
"accounit-team-support.cf",1
"account-limitedx.serveirc.com",1
"acessosonlineblindado24horasbbb.com",1
"adambukerwrites.com",1
"adwvwro.co.uk",1
"ajsmed.ir",1
"akfhgsfg.com",1
"alisherkat.com",1
"allinonetools.club",1
"alsaudtours.com",1
"amangola-dgp.org",1
"angecompany.com",1
"angerenjoyably.co.kr",1
"annaleindwell.com",1
"apfparadise.com",1
"api.infomobi.me",1
"api.niumobi.com",1
"apple-refund-id-044887622101.cf",1
"appleid.apple.com.crusadedenial.com",1
"applymshop.com",1
"art-sticker.fr",1
"assistaagora.gq",1
"aura-kc.by",1
"avtahatmeida.com",1
"bankofamerica.exileconsultant.com",1
"barchaklem.com",1
"bernadettespencer.us",1
"bfvdg.duckdns.org",1
"bonsaver.com.br",1
"boobs.erodesi.com",1
"business-org.com",1
"buzzconsortium.com",1
"caree.in",1
"chepa.nl",1
"cibc-unlock-suspended-access.mobi",1
"circumnavigation.biz",1
"cirrusaircraft.us",1
"coachblog.halmacomber.com",1
"coca-cola.corn-regalo.win",1
"consortiumgardois.eu",1
"conspiracydocumentaries.net",1
"cres.3utilities.com",1
"critical-alertx97m.ga",1
"cutebabies.tv",1
"cvecarabaccara.com",1
"dasdrugcentre.com",1
"decibelsoundsystems.com",1
"dedetizacao-itajai.com.br",1
"dev.picolestudio.pe",1
"docsxia.com",1
"doinothientrieu.com",1
"domainnamefinder.org",1
"donids-11.ml",1
"dr-ahmed-moussa.com",1
"driversaga.com",1
"easylink1998.com",1
"egypt7club.tk",1
"electricgroups.co",1
"elrayi.kz",1
"emarketingscoop.com",1
"evulsionykwtto.xyz",1
"exceedcapital.tk",1
"extravidenie.ru",1
"factswhich.tk",1
"faithchorale.com",1
"fbbvol18.tk",1
"find-my-status.tk",1
"findmybreederonline.com",1
"fixit.in",1
"fjoaijfaf.ml",1
"flooringbyace.com",1
"free-run.tk",1
"gaganapps.in",1
"generalet.ma",1
"giairet.ml",1
"giaoducvacongnghe.com",1
"go2.mobrain.xyz",1
"googlre.com",1
"greenestsaremco.jp",1
"gtsconsulting.com.au",1
"guidafinanziamentieuropei.it",1
"halimbas.top",1
"harmikastomjones.com",1
"hbmzz.4f5je.hico.gdn",1
"helpingusr5901.tech",1
"highsight.info",1
"hoatuoitoancau.com",1
"horlas.ddns.net",1
"host-212-159-128-72.static.as13285.net",1
"host-212-159-135-172.static.as13285.net",1
"host-212-159-145-223.static.as13285.net",1
"host-212-159-152-17.static.as13285.net",1
"host-79-79-49-243.static.as13285.net",1
"host-92-27-123-91.static.as13285.net",1
"host-92-27-173-225.static.as13285.net",1
"host-92-27-209-125.static.as13285.net",1
"host-92-27-5-39.static.as13285.net",1
"host-92-27-58-72.static.as13285.net",1
"host-92-27-63-85.static.as13285.net",1
"huetransfer.com",1
"hvsmedikal.com",1
"icloud-idlogin.us.com",1
"idealtec.eti.br",1
"idmanager.fr",1
"in100tive.com",1
"in2019-sett0p02984-eract0364.com",1
"ip179.ip-144-217-46.net",1
"iphoneharitauygulamasi.com",1
"jppost-ahu.com",1
"jppost-ame.com",1
"jppost-asa.com",1
"jppost-ase.com",1
"jppost-aso.com",1
"jppost-asu.com",1
"jppost-ate.com",1
"jppost-ato.com",1
"jppost-be.com",1
"jppost-bo.com",1
"jppost-fu.com",1
"jppost-ho.com",1
"jppost-ka.com",1
"jppost-ki.com",1
"jppost-mi.com",1
"jppost-no.com",1
"jppost-pa.com",1
"jppost-pi.com",1
"jppost-po.com",1
"jppost-ru.com",1
"jppost-sa.com",1
"jrbdecorators.com",1
"jscjc.duckdns.org",1
"kampoeng.tulungagung.net",1
"karacabilimkoleji.com",1
"kingslanddigital.com",1
"kotel-patriot.com.ua",1
"lathadigital.com",1
"lfbn-1-3794-231.w86-229.abo.wanadoo.fr",1
"litaeenlightreveiwltd.tryfcomet.com",1
"litepopsshipper.com",1
"livecricketscorecard.info",1
"lock-medic.com",1
"logisticshopping.com",1
"m.blog.naver.com.nheos.com",1
"mail.acousticallysound.com.au",1
"mail.hotelpadmalaxmi.com",1
"mail.sausagegalerie.com",1
"maitreya.aki9.com",1
"mastercceb.com",1
"maxwinelec.com",1
"mayupan.com",1
"mde16bd9lb6f9g0flnlz.pw",1
"medicalatlantic.com",1
"millcreekfoundation.org",1
"modafinilpto.com",1
"modeltampa.com",1
"mtb-service10.azurewebsites.net",1
"must.is",1
"mxnotegr89.pw",1
"n2xj7op9dlhydqdsom2h.pw",1
"new.touch-soft.co.uk",1
"niced.pp.ua",1
"nikanbearing.com",1
"nitrogengassprings.com",1
"ns2.smtmdns.com",1
"nsktech.fr",1
"ohospitality-view.com",1
"omilegbe-001-site1.etempurl.com",1
"onebill.ro",1
"pastelcolors.in",1
"paxi.inmoo.net",1
"paypal.check-sicherheit-kundendienst.icu",1
"paypal.sicherheit-check-kundendienst.icu",1
"paypalsertulivetye.serveirc.com",1
"personal-identification-number-wells-access0333.cf",1
"pickmycamp.com",1
"plscoemergency.uk",1
"pro-finans24.ru",1
"propertytech.pk",1
"r105-pp-boavista.ibys.com.br",1
"r2-pw-tacanica.ibys.com.br",1
"r20-pw-piraimirim.ibys.com.br",1
"r248-pw-dospatos.ibys.com.br",1
"r277-pr-piraquara.ibys.com.br",1
"r36-pe-cachoeirinha.ibys.com.br",1
"r701-pf-lajeadogrande.ibys.com.br",1
"r714-pf-palmital.ibys.com.br",1
"r97-pp-muguilhao.ibys.com.br",1
"r98-pp-lencois.ibys.com.br",1
"raibin.com",1
"rdlgifts.com",1
"realestatelawyersinbangalore.com",1
"rioinfos.com.br",1
"rocketleague-planet.com",1
"rydla12.com.ve",1
"sagawa-ai.com",1
"sagawa-ak.com",1
"sagawa-ake.com",1
"sagawa-aqp.com",1
"sagawa-aqy.com",1
"sagawa-eki.com",1
"sagawa-esa.com",1
"sagawa-esi.com",1
"sagawa-eta.com",1
"sagawa-ete.com",1
"sagawa-ode.com",1
"sagawa-ogu.com",1
"sagawa-opi.com",1
"sagawa-oza.com",1
"sagawa-oze.com",1
"sagawa-qii.com",1
"sagawa-qio.com",1
"sagawa-qip.com",1
"sagawa-qir.com",1
"sagawa-qwh.com",1
"sagawa-qwk.com",1
"sagawa-tnu.com",1
"sagawa-uki.com",1
"sagawa-umi.com",1
"sagawa-umu.com",1
"sagawa-une.com",1
"sagawa-uro.com",1
"sagawa-uyo.com",1
"sapaka.gq",1
"scout1erearras.org",1
"secured01c-wellsfargo.0percenter.com",1
"sfjacobs.com",1
"sftereza.ro",1
"sijiwuxi.com",1
"smtmdns.com",1
"softwareplanners.com",1
"sreelabels.com",1
"stagecoachproxyunilateral.com",1
"storerenewedgreatlyprogram.icu",1
"sunfisholsen.com",1
"susandeland.com",1
"tajrobtk.com",1
"tarde.la",1
"thehhjkjkj.org",1
"thenatureszest.com",1
"thespiritualarc.com",1
"tir.com",1
"tradecapitalindustrial.com",1
"trandingapk.com",1
"tudocomfoto.com.br",1
"tumpengsemarang.com",1
"uk-microsoft-primesupport-englishhelpline-livehelp444000444.com",1
"v118-27-25-89.4l0s.static.cnode.io",1
"vanphongchinhchu.net",1
"vayvonnhanh.org",1
"venteypunto.com",1
"viacomercial.com",1
"view-75128.icu",1
"wae.co.in",1
"waterplay.space",1
"web-techno.com",1
"webinarsoftware.us",1
"wmhx.gotdns.ch",1
"www.acropoliskoenig.com",1
"www.agttax.com",1
"www.ajsmed.ir",1
"www.apple.suppcrt.cn",1
"www.auth-act.gq",1
"www.capital-it.eu",1
"www.carmemlima.com.br",1
"www.duetconsultings.com",1
"www.memorykeeper.ca",1
"www.merrylandsmasjid.org.au",1
"www.ohospitality-verify.com",1
"www.othericosahedron.com",1
"www.posableaxonprovince.com",1
"www.readfileinfo.ml",1
"www.rotary3262.org",1
"www.ruthamcau1.info",1
"www.sassociates.com.pk",1
"www.scarecrowsidelineruanda.com",1
"www.verifylastactionid.servebeer.com",1
"www.voxprivatelabel.com",1
"www2.account-update.amazon.co.jp.46d0671dd4117ea366031f87f3aa0093.ml",1
"x.ord-id.com",1
"xxxxlk.com",1
"ygg-team.com",1
"zinayeem.com",1
